{"cameraMode":{"drawMode":0,"name":"Shaded","section":"Shading Mode"},"sceneLighting":true,"audioPlay":false,"sceneViewState":{"showFog":false,"showMaterialUpdate":false,"showSkybox":false,"showFlares":false,"showImageEffects":false,"showParticleSystems":false},"in2DMode":false,"pivot":{"x":-10.633139610290528,"y":-4.529992580413818,"z":13.175542831420899},"rotation":{"x":0.1656927764415741,"y":-0.3456261456012726,"z":0.062142569571733478,"w":0.9215434789657593},"size":12.461819648742676,"orthographic":false}