{"cameraMode":{"drawMode":0,"name":"Shaded","section":"Shading Mode"},"sceneLighting":false,"audioPlay":false,"sceneViewState":{"showFog":false,"showMaterialUpdate":false,"showSkybox":false,"showFlares":false,"showImageEffects":false,"showParticleSystems":false},"in2DMode":false,"pivot":{"x":47.092491149902347,"y":-0.199462890625,"z":133.54811096191407},"rotation":{"x":-0.3621976971626282,"y":-0.028796372935175897,"z":0.011196315288543702,"w":-0.9315891265869141},"size":255.2733917236328,"orthographic":false}