{"cameraMode":{"drawMode":0,"name":"Shaded","section":"Shading Mode"},"sceneLighting":false,"audioPlay":false,"sceneViewState":{"showFog":false,"showMaterialUpdate":false,"showSkybox":false,"showFlares":false,"showImageEffects":false,"showParticleSystems":false},"in2DMode":false,"pivot":{"x":30.288223266601564,"y":-4.558746337890625,"z":224.7679443359375},"rotation":{"x":-0.32147127389907839,"y":0.011930876411497593,"z":-0.004050238057971001,"w":-0.9468355178833008},"size":418.0376892089844,"orthographic":false}