{"cameraMode":{"drawMode":0,"name":"Shaded","section":"Shading Mode"},"sceneLighting":false,"audioPlay":false,"sceneViewState":{"showFog":false,"showMaterialUpdate":false,"showSkybox":false,"showFlares":false,"showImageEffects":false,"showParticleSystems":false},"in2DMode":false,"pivot":{"x":7.954713821411133,"y":-179.9236602783203,"z":200.0311279296875},"rotation":{"x":-0.3621976971626282,"y":-0.028796372935175897,"z":0.011196315288543702,"w":-0.9315891265869141},"size":342.0013427734375,"orthographic":false}