{"cameraMode":{"drawMode":0,"name":"Shaded","section":"Shading Mode"},"sceneLighting":true,"audioPlay":false,"sceneViewState":{"showFog":false,"showMaterialUpdate":false,"showSkybox":false,"showFlares":false,"showImageEffects":false,"showParticleSystems":false},"in2DMode":false,"pivot":{"x":37.49636459350586,"y":-111.99124145507813,"z":171.39752197265626},"rotation":{"x":-0.3228835165500641,"y":-0.013628214597702027,"z":0.004650447983294725,"w":-0.9463291764259338},"size":282.1759033203125,"orthographic":false}