{"cameraMode":{"drawMode":0,"name":"Shaded","section":"Shading Mode"},"sceneLighting":true,"audioPlay":false,"sceneViewState":{"showFog":false,"showMaterialUpdate":false,"showSkybox":false,"showFlares":false,"showImageEffects":false,"showParticleSystems":false},"in2DMode":false,"pivot":{"x":19.010772705078126,"y":13.234064102172852,"z":9.950138092041016},"rotation":{"x":-0.22611631453037263,"y":0.16045111417770387,"z":-0.03779028728604317,"w":-0.960051417350769},"size":53.479854583740237,"orthographic":false}